checked_at,checked_at_display,changed,page_count,previous_digest,current_digest,page_changes,diagnostics
2026-09-25T17:58:23.382328+00:00,25 September 2026 at 6:58:23 PM BST,false,5,,e3b0c44298fc1c149afbf4c8996fb92427ae41e4649b934ca495991b7852b855,[],"[""Monitoring configured pages only (5 URLs).""]"
2026-09-25T18:20:55.707017+00:00,25 September 2026 at 7:20:55 PM BST,false,5,c9752f9e78ab0e338719d04952b0c482c4c5ebfc8195de4436fe3619df2e9211,c9752f9e78ab0e338719d04952b0c482c4c5ebfc8195de4436fe3619df2e9211,[],"[""Monitoring configured pages only (5 URLs).""]"
2026-09-26T00:11:32.609359+00:00,26 September 2026 at 1:11:32 AM BST,false,5,c9752f9e78ab0e338719d04952b0c482c4c5ebfc8195de4436fe3619df2e9211,c9752f9e78ab0e338719d04952b0c482c4c5ebfc8195de4436fe3619df2e9211,[],"[""Monitoring configured pages only (5 URLs).""]"
2026-09-26T12:05:58.438686+00:00,26 September 2026 at 1:05:58 PM BST,false,5,c9752f9e78ab0e338719d04952b0c482c4c5ebfc8195de4436fe3619df2e9211,c9752f9e78ab0e338719d04952b0c482c4c5ebfc8195de4436fe3619df2e9211,[],"[""Monitoring configured pages only (5 URLs).""]"
2026-09-26T19:09:37.817030+00:00,26 September 2026 at 8:09:37 PM BST,false,5,c9752f9e78ab0e338719d04952b0c482c4c5ebfc8195de4436fe3619df2e9211,c9752f9e78ab0e338719d04952b0c482c4c5ebfc8195de4436fe3619df2e9211,[],"[""Monitoring configured pages only (5 URLs).""]"
2026-09-27T00:13:50.975428+00:00,27 September 2026 at 1:13:50 AM BST,false,5,c9752f9e78ab0e338719d04952b0c482c4c5ebfc8195de4436fe3619df2e9211,c9752f9e78ab0e338719d04952b0c482c4c5ebfc8195de4436fe3619df2e9211,[],"[""Monitoring configured pages only (5 URLs).""]"
2026-09-27T12:06:53.480712+00:00,27 September 2026 at 1:06:53 PM BST,false,5,c9752f9e78ab0e338719d04952b0c482c4c5ebfc8195de4436fe3619df2e9211,c9752f9e78ab0e338719d04952b0c482c4c5ebfc8195de4436fe3619df2e9211,[],"[""Monitoring configured pages only (5 URLs).""]"
2026-09-28T00:14:07.435991+00:00,28 September 2026 at 1:14:07 AM BST,false,5,c9752f9e78ab0e338719d04952b0c482c4c5ebfc8195de4436fe3619df2e9211,c9752f9e78ab0e338719d04952b0c482c4c5ebfc8195de4436fe3619df2e9211,[],"[""Monitoring configured pages only (5 URLs).""]"
2026-09-28T12:07:55.581528+00:00,28 September 2026 at 1:07:55 PM BST,false,5,c9752f9e78ab0e338719d04952b0c482c4c5ebfc8195de4436fe3619df2e9211,c9752f9e78ab0e338719d04952b0c482c4c5ebfc8195de4436fe3619df2e9211,[],"[""Monitoring configured pages only (5 URLs).""]"
2026-09-29T00:13:31.068047+00:00,29 September 2026 at 1:13:31 AM BST,false,5,c9752f9e78ab0e338719d04952b0c482c4c5ebfc8195de4436fe3619df2e9211,c9752f9e78ab0e338719d04952b0c482c4c5ebfc8195de4436fe3619df2e9211,[],"[""Monitoring configured pages only (5 URLs).""]"
2026-09-29T12:07:38.668735+00:00,29 September 2026 at 1:07:38 PM BST,false,5,c9752f9e78ab0e338719d04952b0c482c4c5ebfc8195de4436fe3619df2e9211,c9752f9e78ab0e338719d04952b0c482c4c5ebfc8195de4436fe3619df2e9211,[],"[""Monitoring configured pages only (5 URLs).""]"
2026-09-30T00:13:09.588758+00:00,30 September 2026 at 1:13:09 AM BST,true,5,c9752f9e78ab0e338719d04952b0c482c4c5ebfc8195de4436fe3619df2e9211,868a65a91fd28dd8c341628d9cc7bf1d1daa6131efa5c168861de562c02d44bb,"[{""url"":""https://www.cdsdeterminationscommittees.org/governance-committee"",""change_type"":""updated"",""added_links"":[""Addition of hyperlink \""GC Meeting - 17 September 2026 Minutes\"".""],""added_link_targets"":[{""label"":""GC Meeting - 17 September 2026 Minutes"",""url"":""https://www.cdsdeterminationscommittees.org/documents/2026/09/gc-meeting-17-september-2026-minutes.pdf/""}]}]","[""Monitoring configured pages only (5 URLs).""]"
2026-09-30T12:07:47.205155+00:00,30 September 2026 at 1:07:47 PM BST,false,5,868a65a91fd28dd8c341628d9cc7bf1d1daa6131efa5c168861de562c02d44bb,868a65a91fd28dd8c341628d9cc7bf1d1daa6131efa5c168861de562c02d44bb,[],"[""Monitoring configured pages only (5 URLs).""]"
2026-10-01T00:15:00.528413+00:00,1 October 2026 at 1:15:00 AM BST,false,5,868a65a91fd28dd8c341628d9cc7bf1d1daa6131efa5c168861de562c02d44bb,868a65a91fd28dd8c341628d9cc7bf1d1daa6131efa5c168861de562c02d44bb,[],"[""Monitoring configured pages only (5 URLs).""]"
2026-10-01T12:07:57.060352+00:00,1 October 2026 at 1:07:57 PM BST,false,5,868a65a91fd28dd8c341628d9cc7bf1d1daa6131efa5c168861de562c02d44bb,868a65a91fd28dd8c341628d9cc7bf1d1daa6131efa5c168861de562c02d44bb,[],"[""Monitoring configured pages only (5 URLs).""]"
2026-10-01T13:40:41.376914+00:00,1 October 2026 at 2:40:41 PM BST,false,5,868a65a91fd28dd8c341628d9cc7bf1d1daa6131efa5c168861de562c02d44bb,868a65a91fd28dd8c341628d9cc7bf1d1daa6131efa5c168861de562c02d44bb,[],"[""Monitoring configured pages only (5 URLs).""]"
2026-10-01T13:59:04.649678+00:00,1 October 2026 at 2:59:04 PM BST,false,5,868a65a91fd28dd8c341628d9cc7bf1d1daa6131efa5c168861de562c02d44bb,868a65a91fd28dd8c341628d9cc7bf1d1daa6131efa5c168861de562c02d44bb,[],"[""Monitoring configured pages only (5 URLs).""]"
2026-10-01T14:06:37.115663+00:00,1 October 2026 at 3:06:37 PM BST,false,5,868a65a91fd28dd8c341628d9cc7bf1d1daa6131efa5c168861de562c02d44bb,868a65a91fd28dd8c341628d9cc7bf1d1daa6131efa5c168861de562c02d44bb,[],"[""Monitoring configured pages only (5 URLs).""]"
2026-10-02T00:13:08.782976+00:00,2 October 2026 at 1:13:08 AM BST,false,5,868a65a91fd28dd8c341628d9cc7bf1d1daa6131efa5c168861de562c02d44bb,868a65a91fd28dd8c341628d9cc7bf1d1daa6131efa5c168861de562c02d44bb,[],"[""Monitoring configured pages only (5 URLs).""]"
2026-10-02T12:07:19.657333+00:00,2 October 2026 at 1:07:19 PM BST,true,5,868a65a91fd28dd8c341628d9cc7bf1d1daa6131efa5c168861de562c02d44bb,e5ceeb8d1274f8624ee357c097ee331f712759c28488ad9c8eca8d3cab94d64f,"[{""url"":""https://www.cdsdeterminationscommittees.org"",""change_type"":""updated"",""added_links"":[""Addition of hyperlink \""Privacy notice\"".""]},{""url"":""https://www.cdsdeterminationscommittees.org/about-dc-committees"",""change_type"":""updated"",""added_links"":[""Addition of hyperlink \""Privacy notice\"".""]},{""url"":""https://www.cdsdeterminationscommittees.org/credit-default-swaps-management"",""change_type"":""updated"",""added_links"":[""Addition of hyperlink \""Privacy notice\"".""]},{""url"":""https://www.cdsdeterminationscommittees.org/dc-rules"",""change_type"":""updated"",""added_links"":[""Addition of hyperlink \""Privacy notice\"".""]},{""url"":""https://www.cdsdeterminationscommittees.org/governance-committee"",""change_type"":""updated"",""added_links"":[""Addition of hyperlink \""Privacy notice\"".""]}]","[""Monitoring configured pages only (5 URLs).""]"
2026-10-03T00:12:57.704490+00:00,3 October 2026 at 1:12:57 AM BST,true,5,e5ceeb8d1274f8624ee357c097ee331f712759c28488ad9c8eca8d3cab94d64f,d8ca54f2bd05c086e076f7bfee07d013ba6510ba376b6661025e5978c54557c3,"[{""url"":""https://www.cdsdeterminationscommittees.org"",""change_type"":""updated"",""added_links"":[]},{""url"":""https://www.cdsdeterminationscommittees.org/about-dc-committees"",""change_type"":""updated"",""added_links"":[]},{""url"":""https://www.cdsdeterminationscommittees.org/credit-default-swaps-management"",""change_type"":""updated"",""added_links"":[]},{""url"":""https://www.cdsdeterminationscommittees.org/dc-rules"",""change_type"":""updated"",""added_links"":[]},{""url"":""https://www.cdsdeterminationscommittees.org/governance-committee"",""change_type"":""updated"",""added_links"":[]}]","[""Monitoring configured pages only (5 URLs).""]"
2026-10-03T13:34:14.552659+00:00,3 October 2026 at 2:34:14 PM BST,false,5,d8ca54f2bd05c086e076f7bfee07d013ba6510ba376b6661025e5978c54557c3,d8ca54f2bd05c086e076f7bfee07d013ba6510ba376b6661025e5978c54557c3,[],"[""Monitoring configured pages only (5 URLs).""]"
